citation,parse_confidence,provision_num,provision_suffix,category,element,sub_element,row_count,from_compound_split
1) Seksyen 14dan 15 Enakmen Kesalahan Jenayah Syariah (Takzir) (Terengganu) 2001;,NEEDS_REVIEW,1,,Kebencian Agama,,,1,
2) Seksyen 12 Bahagian III Ordinan Kesalahan Jenayah Syariah Sarawak 2001;,OK,2,,Kebencian Agama,,,1,
"3) Seksyen 4(1), 7(a), 9 dan 12 Enakmen Kesalahan Jenayah Syariah (Johor) 1997; and",NEEDS_REVIEW,3,,Kebencian Agama,,,1,
4) Seksyen 50(iv) dan Seksyen 54 Enakmen Jenayah Syariah (Negeri Sembilan) 1992.,NEEDS_REVIEW,4,,Kebencian Agama,,,1,
Akta Hasutan 1984,NEEDS_REVIEW,,,Penghinaan,Institusi Diraja,,5,
Akta Kesalahan Jenayah Syariah (Wilayah -Wilayah Persekutuan) 1997,NEEDS_REVIEW,,,Bercanggah Hukum Syarak,,,1,
Akta Perihal Dagangan 2011,NEEDS_REVIEW,,,Cap Dagangan,,,8,
Akta Perihal Dagangan 2011,NEEDS_REVIEW,,,Penjualan Barangan Palsu,,,1,
Akta Rumah Judi Terbuka 1953,NEEDS_REVIEW,,,Judi,,,74,
"Kaedah 13(2)(b), Kaedah Kaedah Pendaftaran Perniagaan 1957",NEEDS_REVIEW,,,Tidak Berdaftar,Pendaftaran syarikat,,1,
Peraturan 10A Peraturan-peraturan Kawalan Hasil Tembakau (PPKHT) 2004,NEEDS_REVIEW,10,A,Menjual Hasil Tembakau Dalam Talian,,,10,
Peraturan 18A (14) Peraturan-peraturan Kawalan Dadah & Kosmetik 1984,OK,18,A,Penjualan Tanpa Kebenaran,Kawalan Dadah & Kosmetik,,14,
Peraturan 18A(14) Peraturan-peraturan Kawalan Dadah & Kosmetik 1984,OK,18,A,Penjualan Tanpa Kebenaran,Kawalan Dadah & Kosmetik,,12,
Peraturan 5(1)(a) Peraturan Dadah Merbahaya 1952,OK,5,,Penjualan Tanpa Kebenaran,Dadah Merbahaya,,4,
"Peraturan 5A (1), Peraturan-peraturan Kawalan Hasil Tembakau 2004",OK,5,A,Penjualan Tanpa Kebenaran,Kawalan Hasil Tembakau,,5,
"Peraturan 5A (1), Peraturan-peraturan Kawalan Hasil Tembakau 2004",OK,5,A,Penjualan Tidak Berdaftar,Kawalan Hasil Tembakau,,2,
Peraturan 62 & 63 Enakmen Kesalahan Syariah Negeri Melaka 1991,NEEDS_REVIEW,62,,Kebencian Agama,,,16,
Peraturan 62 & 63 Enakmen Kesalahan Syariah Negeri Melaka 1991,NEEDS_REVIEW,62,,Kebencian Agama,Ajaran Sesat,,1,
Peraturan 7 (1) (a) Peraturan-peraturan Kawalan Dadah & Kosmetik 1984,OK,7,,Penjualan Tanpa Kebenaran,Kawalan Dadah & Kosmetik,,51,
Peraturan 7 (1)(a)Peraturan-peraturan Kawalan Dadah & Kosmetik 1984,OK,7,,Penjualan Tanpa Kebenaran,Kawalan Dadah & Kosmetik,,1,
Peraturan 7(1)(a) Peraturan Kawalan Dadah dan Kosmetik 1984,OK,7,,Penjualan Tanpa Kebenaran,Kawalan Dadah & Kosmetik,,1380,
Peraturan 7(1)(a) Peraturan Kawalan Dadah dan Kosmetik 1984,OK,7,,Penjualan produk tanpa kebenaran,,,555,
Peraturan 7(1)(a) Peraturan Kawalan Dadah dan Kosmetik 1984,OK,7,,Penjualan Tanpa Kebenaran,,,173,
Peraturan 7(1)(a) Peraturan Kawalan Dadah dan Kosmetik 1984,OK,7,,,,,1,
Peraturan 7(1)(a) Peraturan Kawalan Dadah dan Kosmetik 1984,OK,7,,penjualan Tanpa Kebenaran,kawalan Dadah & Kosmetik,,1,
Peraturan 7(1)(a) Peraturan Kawalan Dadah dan Kosmetik 1984,OK,7,,Penjualan Tidak Berdaftar,Kawalan Dadah & Kosmetik,,1,
Peraturan 7(1)(a) Peraturan-peraturan Kawalan Dadah & Kosmetik 1984,OK,7,,Penjualan Tanpa Kebenaran,Kawalan Dadah & Kosmetik,,147,
"Seksyen 10 (1), Akta Kawalan Produk Merokok Demi Kesihatan Awam",OK,10,,Penjualan Tanpa Kebenaran,Kawalan Merokok,,8,
"Seksyen 10 (1), Akta Kawalan Produk Merokok Demi Kesihatan Awam",OK,10,,Penjualan Tanpa Kebenaran,Kawalan Hasil Tembakau,,1,
Seksyen 10 Akta Kesalahan-Kesalahan Seksual Terhadap Kanak-Kanak 2017,OK,10,,Lucah - Kanak-Kanak,,,1,
"Seksyen 10(1), Akta Kawalan Produk Merokok Demi Kesihatan Awam 2024",OK,10,,Penjualan Tanpa Kebenaran,Kawalan Merokok,,1,
Seksyen 100 Akta Cap Dagangan 2019,OK,100,,Cap Dagangan,,,3,
Seksyen 100 Akta Cap Dagangan 2019,OK,100,,Penyalahgunaan Hakcipta,,,1,
Seksyen 100 Akta Cap Dagangan Hakcipta 2019,OK,100,,Cap Dagangan,,,5,
Seksyen 12 (c ) Enakmen Jenayah Syariah (Negeri Selangor) 1995,NEEDS_REVIEW,12,,Kebencian Agama,,,1,
Seksyen 12(1)(a) Akta Pendaftaran Perniagaan 1956,OK,12,,Tidak Berdaftar,,,4,
"Seksyen 12(1)(a), Akta Pendaftaran Peniagaan 1956",OK,12,,Tidak berdaftar,,,1,
"Seksyen 12(1)(a), Akta Pendaftaran Perniagaan 1956",OK,12,,Tidak berdaftar,,,1,
Seksyen 12(c) Enakmen Jenayah Syariah (Negeri Selangor) 1995,NEEDS_REVIEW,12,,Kebencian Agama,,,34,
Seksyen 12(c) Enakmen Jenayah Syariah (Negeri Selangor) 1995,NEEDS_REVIEW,12,,Kebencian (Agama),Ajaran Sesat,,3,
Seksyen 12(c) Enakmen Jenayah Syariah (Negeri Selangor) 1995,NEEDS_REVIEW,12,,Ajaran Sesat,,,1,
Seksyen 13 (a) Akta Racun 1952,NEEDS_REVIEW,13,,Penjualan Tanpa Kebenaran,Racun,,792,
Seksyen 13 Akta Kesalahan Jenayah Syariah (Wilayah-Wilayah Persekutuan) 1997,NEEDS_REVIEW,13,,Bercanggah Hukum Syarak,,,1,
Seksyen 13(a) Akta Racun 1952,NEEDS_REVIEW,13,,Penjualan Tanpa Kebenaran,Racun,,7,
Seksyen 130 Akta Perlindungan Data Peribadi 2010,OK,130,,Pendedahan Data Peribadi,,,17,
Seksyen 130 Akta Perlindungan Data Peribadi 2010,OK,130,,,,,13,
Seksyen 130 Akta Perlindungan Data Peribadi 2010,OK,130,,Pendedahan Data Peribadi,Kawalan Makanan,,1,
Seksyen 130 Akta Perlindungan Data Peribadi 2010,OK,130,,Penyebaran Data Peribadi,,,1,
Seksyen 135(1)(d) Akta Kastam 1967,OK,135,,Penjualan Tanpa Kebenaran,,,1,
Seksyen 135(1)(d) Akta Kastam 1967,OK,135,,Penjualan Tanpa Kebenaran,Minuman Keras,,1,
Seksyen 16 (1)(b) Akta Dadah Berbahaya 1952,OK,16,,Penjualan Tanpa Kebenaran,Dadah Berbahaya,,2,
Seksyen 17 (1)(b) Akta Makanan 1983,OK,17,,Penjualan Tanpa Kebenaran,Kawalan Makanan,,9,
Seksyen 17 (1)(d) Akta Makanan 1983,OK,17,,Penjualan produk tanpa kebenaran,,,3,
Seksyen 17 (1)(d) Akta Makanan 1983,OK,17,,Penjualan tanpa kebenaran,,,2,
Seksyen 17 (2) Akta Makanan 1983,OK,17,,Penjualan Tanpa Kebenaran,Kawalan Makanan,,252,
Seksyen 17 (2) Akta Makanan 1983,OK,17,,Penjualan Tanpa Kebenaran,,,30,
Seksyen 17 (2) Akta Makanan 1983,OK,17,,Penjualan Tidak Berdaftar,Kawalan Makanan,,3,
Seksyen 17 (2) Akta Makanan 1983,OK,17,,Penjualan produk tanpa kebenaran,,,1,
Seksyen 17 (2) Akta Makanan 1983,OK,17,,Penjualan Tanpa Kebenaran,Tidak Berlesen,,1,
Seksyen 17 (d) Akta Makanan 1983,NEEDS_REVIEW,17,,Penjualan Tanpa Kebenaran,,,1,
Seksyen 17(1)(b) Akta Makanan 1983,OK,17,,Penjualan Tanpa Kebenaran,Kawalan Makanan,,105,
Seksyen 17(1)(b) Akta Makanan 1983,OK,17,,,,,2,
"Seksyen 17(1)(b), Akta Makanan 1983",OK,17,,Penjualan Tanpa Kebenaran,Kawalan Makanan,,24,
"Seksyen 18(2)(eb), Akta Suruhanjaya Syarikat Malaysia 2001",NEEDS_REVIEW,18,,Tidak berdaftar,,,1,
Seksyen 211 dan 233 Akta Komunikasi dan Multimedia 1998,NEEDS_REVIEW,211,,Lucah,Dewasa,,876,
Seksyen 211 dan 233 Akta Komunikasi dan Multimedia 1998,NEEDS_REVIEW,211,,Lucah,Kanak - kanak,,167,
Seksyen 211 dan 233 Akta Komunikasi dan Multimedia 1998,NEEDS_REVIEW,211,,Palsu,Kepentingan Negara,,23,
Seksyen 211 dan 233 Akta Komunikasi dan Multimedia 1998,NEEDS_REVIEW,211,,Palsu,,,1,
Seksyen 212 Akta Undang Undang Pasaran Modal Dan Perkhidmatan 2007,OK,212,,Tidak berdaftar,,,1,
Seksyen 212 dan 58 Akta Pasaran Modal dan Perkhidmatan 2007,NEEDS_REVIEW,212,,,,,3,
Seksyen 22 Akta Akauntan 1967,OK,22,,Aktiviti Tanpa Lesen,Aktivit Perakaunan,,12,
Seksyen 22 Akta Akauntan 1967,OK,22,,Aktiviti Tanpa Lesen,Aktiviti Perakaunan,,2,
Seksyen 22 Akta Akauntan 1967,OK,22,,Tidak Berlesen,,,1,
Seksyen 22(1) Akta Perbadanan Kemajuan Filem Nasional Malaysia 1981,OK,22,,Paparan Filem Tanpa Kebenaran,,,127,
Seksyen 22(1) Akta Perbadanan Kemajuan Filem Nasional Malaysia 1981,OK,22,,Penjualan Tanpa Kebenaran,Filem,,6,
Seksyen 22(1) Akta Perbadanan Kemajuan Filem Nasional Malaysia 1982,OK,22,,Paparan Filem Tanpa Kebenaran,,,2,
Seksyen 233 AKM 1998,OK,233,,Lucah,,,3170,
Seksyen 233 AKM 1998,OK,233,,Palsu,,,78,
Seksyen 233 AKM 1998,OK,233,,Jelik,,,41,
Seksyen 233 AKM 1998,OK,233,,Palsu (Phishing),,,13,
Seksyen 233 AKM 1998,OK,233,,Jelik Melampau,,,13,
Seksyen 233 AKM 1998,OK,233,,,,,9,
Seksyen 233 AKM 1998,OK,233,,Mengancam,Ajaran Sesat,,3,
Seksyen 233 AKM 1998,OK,233,,Mengancam,,,2,
Seksyen 233 AKM 1998,OK,233,,Fitnah,,,2,
Seksyen 233 AKM 1998,OK,233,,Sumbang,,,2,
Seksyen 233 AKM1998,OK,233,,Lucah,,,1491,
Seksyen 233 AKM1998,OK,233,,Palsu,,,9,
Seksyen 233 AKM1998,OK,233,,Palsu,Fitnah,Politik,3,
Seksyen 233 AKM1998,OK,233,,Palsu,Fitnah,,2,
Seksyen 233 AKM1998,OK,233,,Politik,,,1,
Seksyen 233 AKM1998,OK,233,,Palsu,Impersonation,,1,
Seksyen 233 AKM1998,OK,233,,Pendedahan Data Peribadi,,,1,
Seksyen 233 AKM1998,OK,233,,Jelik,,,1,
Seksyen 233 Akta Komunikasi dan Multimedia 1998,OK,233,,Lucah,,,3699,
Seksyen 233 Akta Komunikasi dan Multimedia 1998,OK,233,,Lucah,Dewasa,,3176,
Seksyen 233 Akta Komunikasi dan Multimedia 1998,OK,233,,Jelik,Politik,,137,
Seksyen 233 Akta Komunikasi dan Multimedia 1998,OK,233,,Lucah,Dewasa / Kanak-kanak,,101,
Seksyen 233 Akta Komunikasi dan Multimedia 1998,OK,233,,Lucah,Kanak - kanak,,77,
Seksyen 233 Akta Komunikasi dan Multimedia 1998,OK,233,,Mengancam,Keganasan/ Militan,ISIS,72,
Seksyen 233 Akta Komunikasi dan Multimedia 1998,OK,233,,Mengancam,Keganasan / Militan,ISIS,64,
Seksyen 233 Akta Komunikasi dan Multimedia 1998,OK,233,,Lucah,Kanak-kanak,,55,
Seksyen 233 Akta Komunikasi dan Multimedia 1998,OK,233,,Palsu,Politik,,48,
Seksyen 233 Akta Komunikasi dan Multimedia 1998,OK,233,,Lucah,Politik,,41,
Seksyen 233 Akta Komunikasi dan Multimedia 1998,OK,233,,Palsu,,,21,
Seksyen 233 Akta Komunikasi dan Multimedia 1998,OK,233,,Jelik,Kebencian Agama,,18,
Seksyen 233 Akta Komunikasi dan Multimedia 1998,OK,233,,Jelik,,,17,
Seksyen 233 Akta Komunikasi dan Multimedia 1998,OK,233,,Sumbang,,,14,
Seksyen 233 Akta Komunikasi dan Multimedia 1998,OK,233,,Jelik,Kepentingan Negara,Politik,13,
Seksyen 233 Akta Komunikasi dan Multimedia 1998,OK,233,,Phishing,,,12,
Seksyen 233 Akta Komunikasi dan Multimedia 1998,OK,233,,Jelik,Hina Agama,,10,
Seksyen 233 Akta Komunikasi dan Multimedia 1998,OK,233,,Jelik,,Ngeri / Grafik keterlaluan,10,
Seksyen 233 Akta Komunikasi dan Multimedia 1998,OK,233,,Palsu,SMS Palsu,,10,
Seksyen 233 Akta Komunikasi dan Multimedia 1998,OK,233,,Palsu,Kepentingan Negara,Politik,10,
Seksyen 233 Akta Komunikasi dan Multimedia 1998,OK,233,,Palsu,Kepentingan Negara,,6,
Seksyen 233 Akta Komunikasi dan Multimedia 1998,OK,233,,Sumbang,Dewasa,,6,
Seksyen 233 Akta Komunikasi dan Multimedia 1998,OK,233,,Lucah,Kepentingan Negara,,6,
Seksyen 233 Akta Komunikasi dan Multimedia 1998,OK,233,,Palsu,Pendidikan,,5,
Seksyen 233 Akta Komunikasi dan Multimedia 1998,OK,233,,Sumbang,Kepentingan Negara,,4,
Seksyen 233 Akta Komunikasi dan Multimedia 1998,OK,233,,Lucah,Hina Agama,,3,
Seksyen 233 Akta Komunikasi dan Multimedia 1998,OK,233,,,,,2,
Seksyen 233 Akta Komunikasi dan Multimedia 1998,OK,233,,Jelik,Keganasan/ Grafik Melampau,,2,
Seksyen 233 Akta Komunikasi dan Multimedia 1998,OK,233,,Jelik,Kepentingan Negara,,2,
Seksyen 233 Akta Komunikasi dan Multimedia 1998,OK,233,,Mengancam/ Palsu,,,2,
Seksyen 233 Akta Komunikasi dan Multimedia 1998,OK,233,,Palsu,Laman Sesawang,,1,
Seksyen 233 Akta Komunikasi dan Multimedia 1998,OK,233,,Jelik,Dewasa,,1,
Seksyen 233 Akta Komunikasi dan Multimedia 1998,OK,233,,Sumbang,Politik,,1,
Seksyen 233 Akta Komunikasi dan Multimedia 1998,OK,233,,Jelik,,Ngeri / Grafik Keterlaluan,1,
Seksyen 233 Akta Komunikasi dan Multimedia 1998,OK,233,,Palsu,Phishing,,1,
Seksyen 26 Akta Koperasi 1993,OK,26,,Pengiklanan Tanpa Kebenaran,Koperasi,,1,
Seksyen 263 Akta Komunikasi dan Multimedia 1998,OK,263,,Palsu,Kepentingan Negara,,18,
Seksyen 263 Akta Komunikasi dan Multimedia 1998,OK,263,,Mengancam,Kepentingan Negara,,4,
Seksyen 263 Akta Komunikasi dan Multimedia 1998,OK,263,,Jelik,Kepentingan Negara,,3,
Seksyen 29 Akta Optik 1991,OK,29,,Tidak Berdaftar,Optik,,2,
Seksyen 292 & Seksyen 372 Kanun Keseksaan,NEEDS_REVIEW,292,,Pelacuran,,,62,
Seksyen 292 & Seksyen 372 Kanun Keseksaan,NEEDS_REVIEW,292,,Pelacuran,Dewasa,,20,
Seksyen 292 & Seksyen 372 Kanun Keseksaan,NEEDS_REVIEW,292,,Lucah,,,1,
Seksyen 298A Kanun Keseksaan,OK,298,A,Hina Agama,Ajaran Agama yang meragukan,,1,
Seksyen 3 (1) (a) Akta Ubat (Iklan & Jualan) 1956,NEEDS_REVIEW,3,,Penjualan Tidak Berdaftar,Iklan & Penjualan Ubat,,3,
Seksyen 3 (1) (a) Akta Ubat (Iklan dan Penjualan) 1956,NEEDS_REVIEW,3,,Penjualan Tanpa Kebenaran,Iklan dan Penjualan Ubat,,43,
Seksyen 3 Akta Ubat (Iklan dan Penjualan) 1956,NEEDS_REVIEW,3,,Penjualan Tanpa Kebenaran,Iklan dan Penjualan Ubat,,23,
Seksyen 3 Akta Ubat (Iklan dan Penjualan) 1956,NEEDS_REVIEW,3,,Penjualan produk tanpa kebenaran,,,3,
Seksyen 3 Akta Ubat (Iklan dan Penjualan) 1956,NEEDS_REVIEW,3,,Penjualan Tanpa Kebenaran,,,1,
Seksyen 3(1) Akta Ubat (Iklan & Penjualan) 1956,NEEDS_REVIEW,3,,Tidak berdaftar,,,1,
Seksyen 3(1)(a) Akta Ubat  (Iklan & Jualan) 1956,NEEDS_REVIEW,3,,Penjualan Tidak Berdaftar,Iklan dan Penjualan Ubat,,2,
Seksyen 3(1)(a) Akta Ubat (Iklan & Jualan) 1956,NEEDS_REVIEW,3,,Penjualan Tidak Berdaftar,Iklan & Penjualan Ubat,,4,
"Seksyen 3, 4, 5 dan 6 Enakmen Kesalahan Jenayah Syariah Negeri Johor 2003 and Seksyen 50 Enakmen Jenayah syariah Negeri Sembilan 1992",NEEDS_REVIEW,3,,Kebencian Agama,,,3,
Seksyen 31(1) dan 32(1) Akta Eksais 1976,NEEDS_REVIEW,31,,Penjualan Tanpa Kebenaran,Minuman Keras,,1,
Seksyen 31(1) dan 32(1) Akta Eksais 1977,NEEDS_REVIEW,31,,Penjualan Tanpa Kebenaran,Minuman Keras,,1,
Seksyen 362 Akta Pasaran Modal dan Perkhidmatan 2007,OK,362,,,,,1,
Seksyen 366 (1) Akta Syarikat 1965,OK,366,,Penipuan,Pelaburan,,1,
Seksyen 367 Akta Syarikat 1965,OK,367,,,,,1,
Seksyen 372 Kanun Keseksaan,OK,372,,Pelacuran,,,185,
Seksyen 372(1)(e) Kanun Keseksaan,OK,372,,Pelacuran,,,19,
Seksyen 372A Kanun Keseksaan,OK,372,A,Pelacuran,,,85,
Seksyen 372B Kanun Keseksaan,OK,372,B,Pelacuran,,,708,
Seksyen 39(1)& Seksyen 108 Akta Kemudahan dan Perkhidmatan Jagaan Kesihatan Swasta 1998 (Akta 586),NEEDS_REVIEW,39,,Penjualan produk tanpa kebenaran,,,1,
Seksyen 39B Akta Dadah Berbahaya 1952,OK,39,B,Tidak berdaftar,,,1,
Seksyen 4 (1) (b) Akta Universiti dan Kolej Universiti 1971,OK,4,,Palsu,Sijil Palsu,,1,
Seksyen 4 (1) (c) Akta Rumah Judi Terbuka 1953,OK,4,,Judi,,,71,
Seksyen 4 (1) Akta Hasutan 1948,OK,4,,Hasutan,Institusi Diraja,,1,
Seksyen 4 (1) Akta Perniagaan Perkhidmatan Wang 2011,OK,4,,Judi,,,1,
Seksyen 4 (1) Akta Rumah Judi Terbuka 1953,OK,4,,Judi,,,1506,
Seksyen 4 (1)(c) Akta Rumah Judi Terbuka 1953,OK,4,,Judi,,,14,
Seksyen 4 (a) Akta Rumah Judi Terbuka 1953,NEEDS_REVIEW,4,,Judi,,,5,
Seksyen 4 (b) Akta Rumah Judi Terbuka 1953,NEEDS_REVIEW,4,,Judi,,,2,
Seksyen 4 Akta Hasutan 1948,OK,4,,Hasutan,,,3,
Seksyen 4 Akta Hasutan 1948,OK,4,,Penghinaan,Institusi Diraja,,1,
Seksyen 4 Akta Kesalahan-Kesalahan Seksual Terhadap Kanak-Kanak 2017,OK,4,,Lucah,Kanak-kanak,,4,
Seksyen 4 Akta Kesalahan-Kesalahan Seksual Terhadap Kanak-Kanak 2017,OK,4,,Lucah,Kesalahan Seksual Kanak-kanak,,2,
Seksyen 4 Akta Rumah Judi Terbuka 1953,OK,4,,Judi,,,3580,
Seksyen 4 Akta Rumah Judi Terbuka 1958,OK,4,,Judi,,,943,
Seksyen 4 Akta Rumah Judi Terbuka 1959,OK,4,,Judi,,,1,
Seksyen 4 Akta Rumah Judi Terbuka 1960,OK,4,,Judi,,,1,
Seksyen 4 Akta Rumah Judi Terbuka 1961,OK,4,,Judi,,,1,
Seksyen 4 Akta Rumah Judi Terbuka 1962,OK,4,,Judi,,,1,
Seksyen 4 Akta Rumah Judi Terbuka 1963,OK,4,,Judi,,,1,
Seksyen 4 Akta Rumah Judi Terbuka 1964,OK,4,,Judi,,,1,
Seksyen 4 Akta Rumah Judi Terbuka 1965,OK,4,,Judi,,,1,
Seksyen 4 Akta Rumah Judi Terbuka 1966,OK,4,,Judi,,,1,
Seksyen 4 Akta Rumah Judi Terbuka 1967,OK,4,,Judi,,,1,
Seksyen 4 Akta Rumah Judi Terbuka 1968,OK,4,,Judi,,,1,
Seksyen 4 Akta Rumah Judi Terbuka 1969,OK,4,,Judi,,,1,
Seksyen 4 Akta Rumah Judi Terbuka 1970,OK,4,,Judi,,,1,
Seksyen 4 Akta Rumah Judi Terbuka 1971,OK,4,,Judi,,,1,
Seksyen 4 Akta Rumah Judi Terbuka 1972,OK,4,,Judi,,,419,
Seksyen 4 Akta Rumah Perjudian Terbuka 1953,OK,4,,Judi,,,6057,
Seksyen 4 Akta Rumah Perjudian Terbuka 1953,OK,4,,Penjualan Tanpa Kebenaran,Kawalan Makanan,,3,
Seksyen 4 Akta Ubat  (Iklan & Jualan) 1956,NEEDS_REVIEW,4,,Penjualan Tidak Berdaftar,Iklan dan Penjualan Ubat,,2,
Seksyen 4 B(a) Akta Rumah Judi Terbuka 1953,NEEDS_REVIEW,4,,Judi,,,3,
Seksyen 4(1)(a) Akta Hasutan,OK,4,,Hasutan,Kepentingan Negara,,1,
Seksyen 4(1)(c) Akta Rumah Judi Terbuka 1953,OK,4,,Judi,,,89,
Seksyen 4(1)(g) Akta Rumah Judi Terbuka 1953,OK,4,,Judi,,,239,
Seksyen 4(B)(a) Akta Rumah Judi Terbuka 1953,NEEDS_REVIEW,4,,Judi,,,8,
Seksyen 4(b)(a) Akta Rumah Judi Terbuka 1953,NEEDS_REVIEW,4,,Judi,,,2,
"Seksyen 4, 7 dan 13 of Akta Kesalahan Jenayah Syariah (Wilayah-wilayah Persekutuan) 1997",NEEDS_REVIEW,4,,Kebencian Agama,,,1,
"Seksyen 4, 7 dan 13 of Akta Kesalahan Jenayah Syariah (Wilayah-wilayah Persekutuan) 1998",NEEDS_REVIEW,4,,Kebencian Agama,,,1,
"Seksyen 4, 7 dan 13 of Akta Kesalahan Jenayah Syariah (Wilayah-wilayah Persekutuan) 1999",NEEDS_REVIEW,4,,Kebencian Agama,,,1,
Seksyen 4-10 Akta Kesalahan-kesalahan Seksual Terhadap Kanak-Kanak 2017,OK,4,,Lucah,Kanak-kanak,,2,
Seksyen 41 1(C) Akta Hakcipta 1987,NEEDS_REVIEW,41,,Penyalahgunaan Hakcipta,,,47,
Seksyen 41 Akta Hakcipta 1987,OK,41,,Penyalahgunaan Hakcipta,,,5230,
Seksyen 41(c) Akta Rumah Judi Terbuka 1953,NEEDS_REVIEW,41,,Judi,,,3,
Seksyen 420 Kanun Keseksaan,OK,420,,Penipuan,,,44,
Seksyen 420 Kanun Keseksaan,OK,420,,Kepentingan Negara,,,1,
Seksyen 420 Kanun Keseksaan,OK,420,,Palsu,,,1,
Seksyen 420 Kanun Keseksaan,OK,420,,Penipuan,Bitcoin,,1,
Seksyen 420 Kanun Keseksaan,OK,420,,Pelacuran,,,1,
Seksyen 44 (1) Akta Peranti Perubatan 2012,OK,44,,Penjualan Tanpa Kebenaran,Peranti Perubatan,,1,
Seksyen 44 Akta Peranti Perubatan 2012,OK,44,,Penjualan Tanpa Kebenaran,Peranti Perubatan,,4,
Seksyen 48 Enakmen Kesalahan Syariah Negeri Melaka 1991,OK,48,,Kebencian (Agama),,,1,
Seksyen 48(h) Akta Suruhanjaya Pencegahan Rasuah Malaysia 2009,NEEDS_REVIEW,48,,Gangguan siasatan,,,1,
Seksyen 4A Akta Ubat (Iklan dan Penjualan) 1956,NEEDS_REVIEW,4,A,Penjualan Tanpa Kebenaran,Iklan dan Penjualan Ubat,,6,
Seksyen 4A Akta Ubat (Iklan dan Penjualan) 1956,NEEDS_REVIEW,4,A,Penjualan Tanpa Kebenaran,,,2,
Seksyen 4A(a) Akta Rumah Judi Terbuka 1953,NEEDS_REVIEW,4,A,Judi,,,1,
Seksyen 4B (1) Akta Ubat (Iklan & Jualan) 1956,NEEDS_REVIEW,4,B,Penjualan Tidak Berdaftar,Iklan & Penjualan Ubat,,1,
Seksyen 4B (a) Akta Rumah Judi Terbuka 1953,NEEDS_REVIEW,4,B,Judi,,,14,
Seksyen 4B (a) Akta Rumah Perjudian Terbuka 1953,NEEDS_REVIEW,4,B,Judi,,,65,
Seksyen 4B Akta Rumah Judi Terbuka 1953,OK,4,B,Judi,,,1,
Seksyen 4B Akta Ubat  (Iklan & Jualan) 1956,NEEDS_REVIEW,4,B,Penjualan Tidak Berdaftar,Iklan dan Penjualan Ubat,,3,
Seksyen 4B Akta Ubat (Iklan & Jualan) 1956,NEEDS_REVIEW,4,B,Penjualan Tidak Berdaftar,Iklan & Penjualan Ubat,,3,
Seksyen 4B Akta Ubat (Iklan dan Penjualan) 1956,NEEDS_REVIEW,4,B,Penjualan Tanpa Kebenaran,Iklan dan Penjualan Ubat,,16,
Seksyen 4B Akta Ubat (Iklan dan Penjualan) 1956,NEEDS_REVIEW,4,B,Penjualan Tanpa Kebenaran,,,4,
Seksyen 4B(1) Akta Ubat (Iklan & Jualan) 1956,NEEDS_REVIEW,4,B,Tidak berdaftar,,,1,
Seksyen 4B(a)  Akta Rumah Perjudian Terbuka 1953,NEEDS_REVIEW,4,B,Judi,,,5,
Seksyen 4B(a) Akta Rumah Judi Terbuka 1953,NEEDS_REVIEW,4,B,Judi,,,47,
Seksyen 4b (a) Akta Rumah Judi Terbuka 1953,NEEDS_REVIEW,4,B,Judi,,,7,
Seksyen 4b(1) Akta Ubat (Iklan & Jualan) 1956,NEEDS_REVIEW,4,B,Penjualan Tidak Berdaftar,Iklan & Penjualan Ubat,,1,
Seksyen 5 (2) Akta Industri Pelancongan 1992,OK,5,,Penjualan Tanpa Kebenaran,Perlesenan Pelancongan,,20,
Seksyen 5 (2) Akta Industri Pelancongan 1992,OK,5,,Penjualan Tanpa Kebenaran,Tidak Berlesen,,7,
Seksyen 5 (2) Akta Industri Pelancongan 1992,OK,5,,Penjualan Tanpa Kebenaran,,,2,
Seksyen 5 (2) Akta Industri Pelancongan 1992,OK,5,,Penjualan tanpa kebenaran,,,1,
Seksyen 5 Akta Industri Pelancongan 1992,OK,5,,,,,1,
Seksyen 5 Akta Pemberi Pinjam Wang 1951,OK,5,,Pinjaman Wang Tanpa Lesen,,,27,
Seksyen 5 Akta Pemberi Pinjam Wang 1951,OK,5,,Tidak Berdaftar,Aktiviti Pinjaman Wang,,10,
Seksyen 5 Akta Pemberi Pinjam Wang 1951,OK,5,,Tidak berdaftar,Aktiviti Pinjaman Wang,,6,
Seksyen 5 Akta Pemberi Pinjam Wang 1951,OK,5,,Tidak Berdaftar,Pinjaman Wang,,4,
Seksyen 5 Akta Pemberi Pinjam Wang 1951,OK,5,,Tidak Berdaftar,Pinjaman Wang Tanpa Lesen,,1,
Seksyen 5 dan Seksyen 11 Akta Pemberi Pinjam Wang 1951,NEEDS_REVIEW,5,,Tidak Berdaftar,Aktiviti Pinjaman Wang,,5,
Seksyen 5(1) Akta Peranti Perubatan 2012,OK,5,,Penjualan Tanpa Kebenaran,Peranti Perubatan,,1,
Seksyen 5(1)(a) Akta Dadah Berbahaya 1952,OK,5,,Dadah Berbahaya,,,1,
"Seksyen 5(1), Akta Jenayah Komputer 1997",OK,5,,Laman digodam,,,1,
"Seksyen 5(1), Akta Peranti Perubatan 2012",OK,5,,Penjualan Tanpa Kebenaran,Peranti Perubatan,,4,
Seksyen 5(2) Akta Industri Pelancongan 1992,OK,5,,Penjualan Tanpa Kebenaran,Perlesenan Pelancongan,,1,
Seksyen 5(2)(a) & (b) Akta Industri Pelancongan 1992,NEEDS_REVIEW,5,,Penjualan Tanpa Kebenaran,Tidak Berlesen,,33,
Seksyen 5(2)(a) & (b) Akta Industri Pelancongan 1992,NEEDS_REVIEW,5,,Penjualan Tanpa Kebenaran,,,19,
Seksyen 5(2)(a) & (b) Akta Industri Pelancongan 1992,NEEDS_REVIEW,5,,Penjualan tanpa kebenaran,,,10,
Seksyen 500 Kanun Keseksaan,OK,500,,Kepentingan Negara,,,9,
Seksyen 500 Kanun Keseksaan,OK,500,,Jenayah Fitnah,,,3,
Seksyen 500 Kanun Keseksaan,OK,500,,Fitnah,,,1,
Seksyen 55 Enakmen Kesalahan Jenayah Syariah Negeri Sabah 1995,OK,55,,Kebencian Agama,Hina Agama,,7,
Seksyen 58 Akta  Undang Undang Pasaran Modal dan Perkhidmation 2007,OK,58,,Tidak berdaftar,,,72,
Seksyen 58 Akta Pasaran Modal dan Perkhidmatan 2007,OK,58,,Tidak Berlesen,,,2,
Seksyen 58 Akta Pasaran Modal dan Perkhidmatan 2007,OK,58,,,,,1,
Seksyen 58 Akta Undang Undang Pasaran Modal Dan Perkhidmatan 2007,OK,58,,Tidak Berdaftar,,,99,
Seksyen 58 Akta Undang Undang Pasaran Modal Dan Perkhidmatan 2007,OK,58,,Tidak berdaftar,Aktiviti Pasaran Modal,,55,
Seksyen 58 Akta Undang Undang Pasaran Modal Dan Perkhidmatan 2007,OK,58,,Tidak berdaftar,,,15,
Seksyen 58 Akta Undang Undang Pasaran Modal dan Perkhidmatan 2007,OK,58,,Aktiviti Tanpa Lesen,Aktiviti Pasaran Modal,,133,
Seksyen 58 Akta Undang Undang Pasaran Modal dan Perkhidmatan 2007,OK,58,,Tidak Berdaftar,Aktiviti Pasaran Modal,,60,
Seksyen 58 Akta Undang Undang Pasaran Modal dan Perkhidmatan 2007,OK,58,,Tidak berlesen,,,1,
Seksyen 58 Akta Undang Undang Pasaran Modal dan Perkhidmation 2007,OK,58,,Tidak berdaftar,,,275,
"Seksyen 58, Akta Pasaran Modal Dan Perkhidmatan 2007",OK,58,,Tidak berdaftar,Aktiviti Pasaran Modal,,8,
Seksyen 59 Akta Undang Undang Pasaran Modal dan Perkhidmatan 2012,OK,59,,Aktiviti Tanpa Lesen,Aktiviti Pasaran Model,,6,
Seksyen 597 Akta Syarikat 2016,OK,597,,Penipuan,Program menjana pendapatan lumayan,,1,
Seksyen 597 Akta Syarikat 2016,OK,597,,Penipuan,Pinjaman Wang Tanpa Lesen,,1,
Seksyen 597 Akta Syarikat 2016,OK,597,,Kesalahan Am,Syarikat,,1,
"Seksyen 62 and Seksyen 63, Enakmen Kesalahan Syariah Negeri Melaka 1991",OK,62,,Kebencian Agama,,,1,
Seksyen 63 Akta Pemuliharaan Hidupan Liar 2010,OK,63,,Aktiviti Tanpa Lesen,Pemuliharaan Hidupan Liar,,1,
Seksyen 7 & 8 Enakmen Kesalahan Jenayah Syariah Negeri Johor 1997,NEEDS_REVIEW,7,,Kebencian Agama,Hina Agama,,7,
Seksyen 7 & 8 Enakmen Kesalahan Jenayah Syariah Negeri Johor 1997,NEEDS_REVIEW,7,,Kebencian Agama,Ajaran Sesat,,1,
Seksyen 7 Akta  Undang Undang Pasaran Modal dan Perkhidmation 2007,OK,7,,Tidak berdaftar,,,7,
Seksyen 7 Akta Kawalan Produk Merokok Demi Kesihatan Awam,OK,7,,Penjualan Tanpa Kebenaran,Kawalan Merokok,,1,
Seksyen 7 Akta Undang Undang Pasaran Modal Dan Perkhidmatan 2007,OK,7,,Tidak Berdaftar,,,1,
Seksyen 7 dan 8 Enakmen Jenayah Syariah (Selangor) 1995,NEEDS_REVIEW,7,,Kebencian Agama,,,3,
Seksyen 7 dan Seksyen 8 Akta Kesalahan Jenayah Syariah (Wilayah-wilayah) Persekutuan 1998,NEEDS_REVIEW,7,,Kebencian Agama,,,1,
Seksyen 7(1) Enakmen Jenayah Syariah (Negeri Selangor) Enakmen No. 9 Tahun 1995,NEEDS_REVIEW,7,,Kebencian Agama,,,2,
"Seksyen 7, 9, 10(b), 11, 13, 16 Enakmen Jenayah syariah (Negeri Selangor) 1995 and Seksyen 13 Enakmen Jenayah Syariah Negeri Johor 1997",NEEDS_REVIEW,7,,Kebencian Agama,,,1,
"Seksyen 7, 9, 10, 11, 13 dan 16 Enakmen Jenayah Syariah (Negeri Selangor) 1995",NEEDS_REVIEW,7,,Kebencian Agama,,,1,
"Seksyen 7, 9, 10, 11, 13 dan 16 Enakmen Jenayah Syariah (Negeri Selangor) 1996",NEEDS_REVIEW,7,,Kebencian Agama,,,1,
"Seksyen 7, 9, 10, 11, 13 dan 16 Enakmen Jenayah Syariah (Negeri Selangor) 1997",NEEDS_REVIEW,7,,Kebencian Agama,,,1,
"Seksyen 7, Akta Kawalan Produk Merokok Demi Kesihatan Awam 2024",OK,7,,Penjualan Tanpa Kebenaran,Kawalan Merokok,,8,
Seksyen 8 (1) (d) Akta Rahsia Rasmi 1957,OK,8,,Kepentingan Negara,,,2,
Seksyen 8 (1) Akta Rumah Judi Terbuka 1953,OK,8,,Judi,,,1,
Seksyen 8 Akta Perihal Dagangan 2011,OK,8,,Cap Dagangan,,,23,
Seksyen 8 Akta Rahsia Rasmi 1972,OK,8,,Dokumen Rasmi,,,1,
Seksyen 8(1) Akta Rumah Judi Terbuka 1953,OK,8,,Judi,,,8,
"Seksyen 8(a) dan (b), 14 dan 15 Enakmen Kesalahan Jenayah Syariah (Takzir) (Terengganu) 2001",NEEDS_REVIEW,8,,Kebencian Agama,,,1,
"Seksyen 8, Enakmen Jenayah Syariah (Negeri Selangor) 1995",NEEDS_REVIEW,8,,Kebencian Agama,,,2,
Seksyen 99 Akta Cap Dagangan 2019,OK,99,,Penjualan Tanpa Kebenaran,Cap Dagangan,,33,
Seskeyn 130 Akta Perlindungan Data Peribadi 2010,NEEDS_REVIEW,,,Pendedahan Data Peribadi,,,1,
Seskyen 420 Kanun Keseksaan,NEEDS_REVIEW,,,Penipuan,,,7,
"a) Bahagian III Seksyen 7(a), (9), (12) Enakmen Jenayah Syariah  1997;

b) Bahagian IV Seksyen 35 Enakmen Jenayah Syariah 1997;

c) Bahagian III Seksyen 7(a) dan (c) Ordinan Kesalahan Jenayah Syariah  Sarawak 2001",NEEDS_REVIEW,,,Kebencian Agama,,,5,
"a) Bahagian III Seksyen 7, 8 dan 13, 
 Akta Kesalahan Jenayah Syariah (Wilayah-wilayah Persekutuan) 1997;

b) Seksyen 5, 8, 8(a), 8(b), 9, 14 dan 15,
 Enakmen Kesalahan Jenayah Syariah (Takzir)(Terengganu) 2001",NEEDS_REVIEW,,,Kebencian Agama,,,17,
"a) Seksyen 16 (1) (a), Seksyen 9, dan Seksyen 10 (a) Enakmen Jenayah Syariah (Negeri Selangor) 1995
b) Enakmen Majlis Agama Islam dan Istiadat Melayu Kelantan 1994,Seksyen 136
c) Seksyen 6, Sekyen 7, Seksyen 8 dan Seksyen 13 Akta Kesalahan Jenayah Syariah (Wilayah-wilayah Persekutuan) 1997 [Akta 559]
d) Bahagian II Seksyen 6 (a) dan (b), Bahagian III Seksyen 7 (a) dan Bahagian III Seksyen 8 Enakmen Kesalahan Jenayah Syariah 1997
e) Enakmen Majlis Agama Islam dan Istiadat Melayu Kelantan 1994, Seksyen 120
f) Seksyen 8 (a) dan (b) Enakmen Kesalahan Jenayah Syariah (Takzir) (Terengganu) 2001 
g) Seksyen 9 Enakmen Kesalahan Jenayah Syariah (Takzir) (Terengganu) 2001
h) Seksyen 14 (1) (a) Enakmen Kesalahan Jenayah Syariah (Takzir) (Terengganu) 2001
i) Enakmen Majlis Agama Islam dan Istiadat Melayu Kelantan 1994,Seksyen 119
j) Seksyen 6 (a) dan (b) Enakmen Kesalahan Jenayah Syariah (Takzir) (Terengganu) 2001",NEEDS_REVIEW,,,Kebencian Agama,,,4,
"a) Seksyen 4B Akta Ubat (Iklan dan Penjualan) 1956; and
b) Peraturan 7(1)(a) Peraturan Kawalan Dadah dan Kosmetik 1984",NEEDS_REVIEW,,,Penjualan produk tanpa kebenaran,,,4,
"a)Seksyen 7 and Seksyen 13, Akta Kesalahan Jenayah Syariah (Wilayah-wilayah Persekutuan) 1997;
b)Seksyen 9, Bahagian III, Enakmen Jenayah Syariah (Negeri Perak) 1992; and
c)Seksyen 8 and Seksyen 114, Enakmen Kesalahan Jenayah Syariah (Takzir)(Terengganu) 2001.",NEEDS_REVIEW,,,Kebencian Agama,,,7,
seksyen 372B Kanun Keseksaan,OK,372,B,Pelacuran,,,6,
